/*
INSERT INTO  () VALUES
INSERT INTO  VALUES
('', '', '', '', '', '', '', '', ''),
*/

-----

INSERT INTO абитуриент VALUES
    ('123', '1111', 'Иванов Иван', 'ИСГС', 'СОШ 21', 'СПб', '2017-06-28', 'да'),
    ('234', '2222', 'Петров Петр', 'ИСГС', 'СОШ 78', 'Казань', '2017-06-27', 'нет'),
    ('345', '3333', 'Чепкасов Михаил', 'ПИ', 'Лицей 46', 'СПб', '2017-06-25', 'да'),
    ('456', '4444', 'Николаева Виктория', 'ИБ', 'СОШ 98', 'Казань', '2017-06-30', 'да'),
    ('567', '5555', 'Билалова Алсу', 'Лечебное дело', 'СОШ 5', 'Москва', '2017-06-30', 'нет'),
    ('678', '6666', 'Капралов Артемий', 'Менеджмент', 'Лицей 57', 'Сочи', '2016-06-30', 'да'),
    ('789', '7777', 'Зотов Антон', 'Реклама', 'СОШ 246', 'Воронеж', '2017-06-24', 'нет'),
    ('890', '8888', 'Килина Ольга', 'Инноватика', 'Лицей 789', 'Владимир', '2017-06-28', 'да'),
    ('901', '9999', 'Шайхлисламова Алия', 'Экология', 'СОШ 213', 'Омск', '2016-06-30', 'нет'),
    ('812', '1110', 'Березина Диана', 'Оптотехнологии', 'Лицей 345', 'СПб', '2017-05-25', 'да'),
    ('124', '2220', 'Хакимов Роберт', 'Радиохимия', 'Лицей 90', 'Казань', '2015-06-20', 'нет'),
    ('135', '3330', 'Астахов Николай', 'Нанотехнологии', 'СОШ 432', 'Тверь', '2017-06-26', 'нет'),
    ('289', '4440', 'Ончукова Екатерина', 'Радиохимия', 'СОШ 765', 'Новосибирск', '2017-06-30', 'да');


INSERT INTO секретарь_пк VALUES
    ('465748', 'Захаревич'),
    ('294856', 'Капалыгин'),
    ('234785', 'Фахриева');


INSERT INTO факультет VALUES
    ('9090', 'ИКТ', '270', '100'),
    ('8080', 'КТИУ', '290', '20'),
    ('7070', 'БИТ', '280', '70'),
    ('6060', 'ЛФ', '282', '100'),
    ('5050', 'ФТМИ', '260', '70'),
    ('4040', 'ФПБИ', '250', '50'),
    ('3030', 'Фотоника', '230', '140'),
    ('2020', 'Химический', '290', '30'),
    ('1010', 'ФТ', '300', '200');


INSERT INTO кафедра VALUES
    ('9091', 'ИТГС', '2', '9090'),
    ('8081', 'ВТ', '5', '8080'),
    ('7071', 'ПБКС', '7', '7070'),
    ('6061', 'ЛК', '10', '6060'),
    ('5051', 'СО', '34', '5050'),
    ('4041', 'ПБ', '1', '4040'),
    ('3031', 'ФИОП', '4', '3030'),
    ('2021', 'ФХ', '6', '2020'),
    ('1011', 'НИМ', '2', '1010');


INSERT INTO специальность VALUES
    ('909101', 'ИСГС', '275', '40'),
    ('808101', 'ПИ', '290', '10'),
    ('707101', 'ИБ', '285', '30'),
    ('606101', 'Лечебное дело', '295', '21'),
    ('505101', 'Менеджмент', '290', '20'),
    ('505102', 'Реклама', '284', '10'),
    ('505103', 'Инноватика', '275', '30'),
    ('404101', 'Экология', '265', '70'),
    ('303101', 'Оптотехнологии', '260', '80'),
    ('202101', 'Радиохимия', '300', '120'),
    ('101101', 'Нанотехнологии', '305', '150');


INSERT INTO кафедра_специальность VALUES
    ('909101', '9091'),
    ('808101', '8081'),
    ('707101', '7071'),
    ('606101', '6061'),
    ('505101', '5051'),
    ('505102', '5051'),
    ('505103', '5051'),
    ('404101', '4041'),
    ('303101', '3031'),
    ('202101', '2021'),
    ('101101', '1011');


INSERT INTO поданные_заявления_11 VALUES
    ('1', '123', '909101', '4.8', '271', 'очная', 'бюджет', 'Высшая проба по математике', '234785'),
    ('2', '456', '707101', '5', '290', 'очная', 'бюджет', 'Физтех по математике', '294856'),
    ('3', '567', '606101', '5', '330', 'очная', 'бюджет', 'нет', '465748'),
    ('4', '789', '505102', '4', '290', 'заочная', 'бюджет', 'Ломоносов по физике', '294856'),
    ('5', '901', '404101', '4.7', '265', 'очная', 'контракт', 'нет', '234785'),
    ('6', '124', '202101', '4', '240', 'заочная', 'контракт', 'нет', '465748'),
    ('7', '289', '202101', '4.2', '274', 'очная', 'бюджет', 'Физтех по химии', '294856');


INSERT INTO поданные_заявления_9 VALUES
    ('1', '234', '909101', '4', '260', '465748', 'Положительная'),
    ('2', '345', '808101', '4.6', '270', '234785', 'Положительная'),
    ('3', '678', '505101', '5', '294', '294856', 'Положительная'),
    ('4', '890', '505103', '4.5', '280', '465748', 'Положительная'),
    ('5', '812', '303101', '4.3', '268', '465748', 'нет'),
    ('6', '135', '101101', '4', '284', '294856', 'Положительная');
